INDUSTRY,LOCATION,POSITION,SKILL
4,9,7,40
4,9,5,40
4,4,5,40
6,4,5,40
4,4,5,40
4,4,7,40
4,2,5,40
4,9,5,40
4,4,5,40
4,4,5,40
4,9,4,40
4,4,5,40
4,9,5,40
4,9,5,40
4,9,5,40
4,9,5,40
4,9,5,40
4,4,3,40
4,7,5,40
4,2,5,40
4,2,5,40
4,2,0,40
4,9,5,40
4,9,7,40
14,9,5,40
14,9,5,40
4,2,5,40
4,9,5,40
4,4,5,40
4,9,5,40
4,9,5,40
4,9,6,40
4,4,7,40
8,9,3,40
4,2,0,40
4,2,5,40
6,11,7,40
6,9,5,40
4,9,5,40
4,9,8,40
4,1,5,40
6,9,5,40
4,4,5,40
4,9,5,40
2,9,5,40
4,9,5,40
4,1,4,40
4,9,7,40
4,9,5,40
4,9,5,40
4,9,6,40
4,13,5,40
5,9,5,40
4,9,5,40
4,4,5,40
4,4,5,40
4,9,5,40
13,9,5,40
4,9,5,40
4,9,5,40
4,9,5,40
4,9,5,40
4,9,5,40
4,9,5,40
4,9,5,40
4,7,5,40
4,9,5,40
4,9,7,40
4,9,5,40
4,9,5,40
4,6,5,40
4,9,5,40
4,9,8,40
14,9,5,40
4,4,5,40
4,1,5,40
4,9,5,40
4,9,5,40
4,13,5,40
5,9,5,40
4,9,4,40
4,1,5,40
4,9,5,40
4,9,5,40
0,9,7,40
4,9,5,40
4,9,5,40
4,9,5,40
4,11,5,40
4,1,3,40
4,9,1,40
4,9,5,40
4,9,5,40
4,9,5,40
4,9,5,40
4,9,5,40
4,9,4,40
4,9,7,40
4,9,5,40
4,9,4,40
4,9,5,40
4,0,7,40
4,9,5,40
4,1,5,40
4,0,5,40
4,13,8,40
4,10,5,40
4,7,5,40
4,4,5,40
4,9,5,40
4,9,5,40
4,9,4,40
4,10,5,40
4,9,5,40
4,9,5,40
4,9,5,40
4,9,8,40
4,13,8,40
4,8,1,40
4,0,5,40
4,1,5,40
4,9,5,40
4,9,0,40
4,8,5,40
4,9,5,40
6,9,5,40
4,4,5,40
4,9,8,40
4,4,7,40
4,9,7,40
4,4,5,40
4,4,5,40
13,9,5,40
14,9,5,40
4,9,5,40
4,4,5,40
4,5,5,40
4,9,5,40
4,5,7,40
4,1,5,40
4,4,5,40
6,5,3,40
4,9,5,40
4,3,5,40
4,9,5,40
4,2,5,40
4,1,5,40
4,9,5,40
4,9,5,40
4,9,5,40
4,3,5,40
4,9,5,40
14,9,5,40
4,9,5,40
4,5,5,40
4,9,5,40
4,4,5,40
4,9,5,40
4,9,4,40
4,9,7,40
4,9,5,40
4,9,5,40
4,9,5,40
4,9,5,40
4,4,5,40
4,9,5,40
4,9,5,40
4,9,5,40
4,13,5,40
4,4,7,40
4,4,5,40
4,4,5,40
4,9,8,40
4,4,5,40
4,9,5,40
4,4,5,40
4,4,5,40
4,9,5,40
4,9,5,40
4,9,7,40
14,9,5,40
4,4,8,40
4,9,5,40
4,0,8,40
4,9,6,40
4,4,5,40
4,4,5,40
4,9,5,40
4,4,5,40
4,9,5,40
4,4,0,40
4,9,5,40
4,9,5,40
4,9,5,40
4,4,5,38
4,9,5,38
6,4,5,38
4,4,5,38
4,2,5,38
4,9,5,38
4,4,5,38
4,9,7,38
4,9,5,38
4,6,5,38
4,9,8,38
4,10,5,38
4,10,5,38
4,9,5,38
4,9,5,38
4,9,3,38
4,9,5,38
4,9,4,38
4,4,3,38
4,9,5,38
4,2,5,38
4,2,0,38
4,9,5,38
14,9,5,38
4,2,5,38
4,9,5,38
4,9,5,38
4,4,5,38
4,9,5,38
5,6,8,38
4,9,5,38
4,9,5,38
4,9,5,38
4,9,6,38
4,4,7,38
4,10,8,38
4,2,0,38
4,9,8,38
4,2,5,38
6,11,7,38
4,9,5,38
4,9,8,38
4,1,5,38
6,9,5,38
2,9,5,38
4,9,5,38
4,9,5,38
4,10,5,38
4,5,5,38
4,1,4,38
13,9,5,38
4,9,5,38
5,9,5,38
4,4,5,38
13,9,5,38
4,9,8,38
4,9,5,38
14,10,8,38
12,9,5,38
12,13,8,38
4,9,5,38
5,9,8,38
4,9,5,38
4,9,5,38
4,9,5,38
4,6,5,38
4,9,8,38
14,9,5,38
4,9,5,38
5,9,5,38
4,11,3,38
4,9,5,38
4,9,5,38
4,11,7,38
9,9,5,38
4,9,5,38
4,9,5,38
4,1,4,38
4,9,5,38
4,12,5,38
4,9,5,38
4,9,5,38
4,9,5,38
4,9,7,38
4,9,4,38
4,0,7,38
4,9,5,38
4,9,5,38
1,7,5,38
4,1,5,38
4,13,8,38
4,4,5,38
4,10,5,38
4,9,8,38
4,9,5,38
14,9,7,38
4,13,8,38
4,9,8,38
4,8,7,38
4,13,8,38
4,9,7,38
4,9,5,38
4,8,8,38
4,9,5,38
4,9,5,38
4,9,5,38
4,4,5,38
4,9,8,38
4,0,1,38
4,4,5,38
4,5,5,38
4,4,8,38
6,5,3,38
4,3,5,38
4,9,5,38
4,2,5,38
4,1,5,38
4,9,5,38
4,3,5,38
4,9,5,38
4,9,5,38
12,2,8,38
4,9,5,38
4,9,8,38
4,9,4,38
4,9,7,38
4,9,5,38
4,9,5,38
4,9,5,38
4,9,5,38
4,0,8,38
4,9,5,38
4,9,5,38
9,1,8,38
4,13,5,38
0,13,1,38
4,4,7,38
4,9,8,38
4,4,5,38
4,9,5,38
4,4,5,38
14,9,5,38
4,0,8,38
4,9,5,38
5,9,8,38
4,9,5,38
4,9,5,38
4,9,5,38
4,5,5,38
4,13,1,38
4,9,1,38
4,2,7,38
4,9,5,38
4,9,7,38
4,4,5,41
4,4,5,41
4,9,5,41
4,4,5,41
4,4,7,41
4,4,5,41
4,2,5,41
4,9,5,41
4,9,5,41
4,4,5,41
4,9,7,41
4,9,5,41
4,6,5,41
4,6,5,41
4,10,5,41
4,10,5,41
10,9,7,41
4,4,5,41
4,9,5,41
4,9,5,41
4,9,5,41
4,9,5,41
4,9,4,41
4,9,5,41
4,2,5,41
4,2,5,41
4,9,5,41
4,9,7,41
14,9,5,41
14,9,5,41
4,2,5,41
4,9,5,41
4,4,5,41
4,9,5,41
4,9,5,41
4,9,5,41
4,9,5,41
4,9,6,41
4,4,7,41
4,4,5,41
4,9,8,41
4,2,5,41
4,9,7,41
4,9,5,41
4,9,8,41
4,1,5,41
4,13,5,41
4,6,5,41
6,9,5,41
4,4,5,41
2,9,5,41
4,9,5,41
4,5,5,41
4,1,4,41
4,9,5,41
5,9,5,41
4,9,5,41
13,9,5,41
4,9,5,41
4,9,5,41
4,9,5,41
4,5,8,41
14,10,8,41
4,9,5,41
12,9,5,41
12,13,8,41
4,9,5,41
4,9,5,41
4,8,8,41
4,9,5,41
4,9,5,41
4,9,5,41
4,9,5,41
4,9,8,41
14,9,5,41
4,9,5,41
4,9,5,41
4,13,5,41
5,9,5,41
4,9,5,41
4,11,3,41
4,9,5,41
4,9,5,41
4,9,5,41
9,9,5,41
4,9,5,41
4,9,5,41
4,1,4,41
4,2,5,41
4,9,5,41
4,12,5,41
4,11,5,41
4,9,5,41
4,9,5,41
4,9,5,41
4,9,5,41
4,9,7,41
4,9,5,41
4,9,5,41
4,9,4,41
4,9,5,41
4,1,5,41
4,0,5,41
4,13,8,41
4,4,5,41
4,4,5,41
4,4,5,41
4,10,5,41
4,9,8,41
4,9,5,41
4,9,5,41
10,5,5,41
4,13,8,41
4,9,8,41
4,13,8,41
4,9,5,41
14,4,5,41
4,13,5,41
4,9,5,41
4,9,5,41
4,9,5,41
4,4,5,41
4,4,5,41
4,4,5,41
4,5,5,41
4,9,5,41
4,4,5,41
4,5,7,41
4,5,8,41
4,4,8,41
4,9,5,41
4,4,5,41
4,3,5,41
4,2,5,41
4,9,5,41
4,9,5,41
4,3,5,41
4,9,5,41
4,5,5,41
4,9,5,41
12,2,8,41
4,4,5,41
4,9,5,41
4,9,8,41
4,9,5,41
4,9,4,41
4,9,7,41
4,9,5,41
4,9,5,41
4,9,5,41
4,9,5,41
4,0,8,41
4,9,5,41
4,9,5,41
4,9,5,41
4,13,8,41
4,9,5,41
9,1,8,41
4,13,5,41
13,9,5,41
4,9,5,41
4,4,5,41
4,9,8,41
4,4,5,41
4,9,5,41
4,4,5,41
4,9,5,41
4,9,7,41
14,9,5,41
4,4,8,41
4,0,8,41
4,9,5,41
4,9,5,41
4,9,5,41
4,9,5,41
4,5,5,41
4,9,5,41
4,13,7,41
4,9,5,41
4,4,5,55
4,13,5,55
6,4,5,55
4,4,5,55
4,2,5,55
4,9,5,55
4,9,5,55
4,9,4,55
4,9,7,55
4,9,3,55
4,10,5,55
4,10,5,55
6,9,2,55
4,9,5,55
4,7,5,55
4,2,0,55
4,9,7,55
14,9,5,55
14,9,5,55
4,9,5,55
4,4,5,55
4,9,6,55
4,10,8,55
4,2,0,55
2,9,5,55
4,9,8,55
6,11,7,55
4,9,7,55
6,9,5,55
0,6,7,55
4,9,7,55
4,9,8,55
4,1,5,55
4,13,5,55
4,6,5,55
6,9,5,55
2,9,5,55
4,9,5,55
4,9,5,55
4,10,5,55
4,5,5,55
4,9,6,55
4,9,5,55
13,9,5,55
4,9,8,55
12,9,5,55
12,13,8,55
4,8,8,55
4,9,5,55
4,9,5,55
4,9,5,55
4,9,4,55
4,9,5,55
4,9,5,55
4,9,5,55
9,9,5,55
4,9,5,55
4,2,5,55
4,9,3,55
4,9,5,55
4,9,5,55
4,9,5,55
9,9,7,55
4,9,4,55
14,9,5,55
4,1,5,55
4,10,5,55
4,10,5,55
4,9,8,55
4,6,5,55
4,9,5,55
4,9,5,55
10,5,5,55
4,13,8,55
4,9,8,55
4,8,7,55
4,13,8,55
4,8,8,55
4,9,5,55
6,9,5,55
4,4,5,55
4,0,1,55
4,5,5,55
4,9,5,55
4,4,5,55
4,5,7,55
4,5,8,55
4,4,8,55
4,4,5,55
4,9,5,55
4,3,5,55
4,9,5,55
4,9,5,55
4,3,5,55
4,9,5,55
4,9,5,55
12,2,8,55
4,4,5,55
4,9,5,55
4,9,8,55
4,9,4,55
4,9,7,55
4,9,5,55
4,9,5,55
4,9,5,55
4,6,8,55
4,9,5,55
4,0,8,55
4,9,5,55
4,9,5,55
4,9,5,55
4,9,5,55
9,1,8,55
4,9,5,55
4,9,5,55
4,4,5,55
4,9,5,55
4,9,7,55
14,9,5,55
4,4,8,55
4,0,8,55
10,1,1,55
4,9,6,55
4,4,5,55
5,9,8,55
4,4,5,55
4,4,5,55
4,5,5,55
4,4,5,55
4,4,5,55
4,9,5,55
0,4,5,97
4,4,5,97
4,2,5,97
4,6,5,97
4,9,5,97
4,9,5,97
4,9,3,97
4,9,5,97
4,4,3,97
4,9,5,97
4,2,5,97
4,9,5,97
4,9,7,97
2,9,7,97
4,1,2,97
4,9,5,97
4,9,5,97
4,9,7,97
4,9,6,97
4,1,1,97
9,9,5,97
4,9,5,97
4,13,5,97
4,4,5,97
6,9,5,97
4,9,7,97
4,9,5,97
4,9,5,97
4,9,5,97
4,9,5,97
4,9,5,97
4,9,7,97
4,9,5,97
4,9,5,97
4,6,5,97
4,11,3,97
4,12,7,97
4,9,5,97
4,9,5,97
4,1,4,97
4,12,5,97
6,9,5,97
4,9,5,97
4,9,5,97
14,9,5,97
4,13,8,97
4,9,5,97
4,4,5,97
4,9,2,97
4,10,5,97
4,9,8,97
10,13,2,97
14,9,7,97
14,9,7,97
4,9,8,97
4,9,5,97
4,13,5,97
4,9,0,97
0,13,1,97
4,9,5,97
4,8,5,97
4,4,5,97
4,4,5,97
4,5,5,97
4,5,7,97
4,5,8,97
0,9,5,97
4,3,5,97
4,4,7,97
4,9,5,97
4,9,5,97
4,9,7,97
4,9,5,97
4,9,5,97
11,9,5,97
4,9,5,97
4,13,8,97
4,9,5,97
4,13,5,97
4,9,5,97
4,9,5,97
4,0,8,97
10,1,1,97
4,9,6,97
4,9,5,97
4,9,5,97
0,9,5,97
4,9,5,97
4,7,7,97
4,9,5,97
9,9,7,97
4,4,5,44
12,4,5,44
4,4,7,44
4,13,5,44
0,4,5,44
4,9,5,44
4,4,5,44
4,2,5,44
4,9,5,44
4,6,5,44
4,10,5,44
4,10,5,44
4,9,5,44
4,9,5,44
4,9,5,44
4,2,5,44
4,9,5,44
4,4,5,44
4,9,5,44
4,9,6,44
4,4,7,44
4,10,8,44
4,4,5,44
4,9,8,44
4,2,5,44
4,9,7,44
4,13,5,44
4,13,5,44
4,4,5,44
4,9,5,44
2,9,5,44
4,9,5,44
4,10,5,44
4,5,5,44
4,1,4,44
4,9,5,44
4,9,5,44
4,9,5,44
4,13,5,44
5,9,5,44
4,9,5,44
4,9,5,44
4,5,8,44
14,10,8,44
12,9,5,44
5,9,8,44
4,9,5,44
4,9,5,44
4,9,5,44
4,9,8,44
4,9,5,44
5,9,5,44
4,9,5,44
4,9,5,44
4,9,4,44
9,9,5,44
4,9,5,44
4,9,5,44
4,12,5,44
4,9,5,44
4,9,5,44
4,9,5,44
4,9,4,44
4,13,8,44
4,4,5,44
4,10,5,44
4,9,8,44
4,9,5,44
4,9,8,44
0,8,5,44
4,13,8,44
4,9,5,44
4,9,5,44
4,9,5,44
4,9,5,44
4,3,5,44
4,9,5,44
4,5,5,44
4,9,5,44
4,9,5,44
4,9,5,44
4,9,5,44
4,9,5,44
9,1,8,44
4,13,5,44
13,9,5,44
4,4,5,44
4,9,5,44
4,4,5,44
4,9,7,44
14,9,5,44
4,4,8,44
4,0,8,44
4,4,5,44
4,9,8,44
4,9,5,44
4,9,5,44
4,4,5,44
4,5,5,44
4,9,5,44
4,9,5,44
4,9,6,48
6,4,5,48
4,2,5,48
4,7,3,48
4,9,5,48
6,9,2,48
4,9,3,48
4,9,3,48
4,7,5,48
4,9,5,48
4,9,6,48
6,2,5,48
4,2,0,48
4,2,5,48
6,9,5,48
4,6,5,48
4,4,5,48
6,9,5,48
2,9,5,48
4,9,5,48
4,13,5,48
13,9,5,48
4,9,5,48
4,8,8,48
4,7,5,48
4,9,5,48
4,9,7,48
4,9,5,48
4,1,5,48
4,9,5,48
4,9,5,48
4,9,5,48
4,1,5,48
4,9,5,48
4,9,5,48
4,9,3,48
4,9,3,48
4,6,7,48
4,9,5,48
0,9,7,48
4,9,5,48
4,9,5,48
4,0,7,48
4,9,5,48
1,7,5,48
1,9,5,48
4,1,5,48
4,9,4,48
4,9,5,48
4,9,8,48
4,9,5,48
13,13,1,48
4,4,5,48
4,4,5,48
4,5,7,48
6,5,3,48
0,9,5,48
4,3,5,48
4,2,5,48
4,1,5,48
6,9,3,48
4,9,5,48
4,4,5,48
4,9,5,48
4,9,8,48
4,9,5,48
4,9,4,48
4,9,7,48
4,9,5,48
4,6,8,48
4,9,5,48
6,9,5,48
4,9,5,48
4,9,7,48
4,9,5,48
14,9,5,48
4,9,5,48
10,1,1,48
4,9,6,48
4,4,5,48
4,9,5,48
4,9,5,48
4,7,7,48
4,13,7,48
4,4,5,4
4,4,7,4
4,4,5,4
4,2,5,4
4,9,5,4
4,6,5,4
4,10,5,4
4,9,5,4
4,9,5,4
4,2,5,4
4,9,5,4
4,4,5,4
4,9,5,4
4,4,7,4
4,10,8,4
4,9,8,4
4,9,8,4
4,13,5,4
4,6,5,4
6,9,5,4
4,10,5,4
4,1,4,4
4,9,5,4
4,9,5,4
4,13,5,4
4,9,5,4
4,5,8,4
4,9,5,4
4,9,5,4
4,8,8,4
4,9,5,4
4,9,5,4
4,9,5,4
4,9,5,4
4,9,5,4
4,13,5,4
5,9,5,4
4,11,3,4
4,9,5,4
4,9,5,4
4,9,4,4
9,9,5,4
4,12,5,4
4,11,5,4
6,9,5,4
4,9,5,4
4,9,5,4
4,9,5,4
4,9,4,4
4,1,5,4
4,13,8,4
4,10,5,4
4,9,5,4
4,4,5,4
4,10,5,4
4,9,8,4
4,9,5,4
4,9,8,4
0,8,5,4
4,13,8,4
4,9,5,4
4,4,5,4
4,3,5,4
4,9,5,4
4,9,5,4
4,9,8,4
4,9,5,4
4,9,5,4
4,9,5,4
4,9,5,4
4,13,5,4
4,9,5,4
4,9,8,4
4,9,5,4
4,9,7,4
4,4,8,4
4,0,8,4
4,9,5,4
4,4,5,4
4,9,5,4
4,9,3,123
4,9,7,123
4,6,5,123
4,9,7,123
4,9,5,123
4,9,6,123
4,2,5,123
6,11,7,123
6,9,5,123
9,9,5,123
4,11,7,123
4,9,8,123
6,9,5,123
2,9,5,123
4,9,7,123
13,9,5,123
4,9,7,123
4,11,3,123
4,9,5,123
4,9,7,123
4,9,3,123
4,1,3,123
0,9,7,123
4,9,5,123
4,9,5,123
4,9,4,123
14,9,7,123
4,4,7,123
14,9,7,123
4,9,7,123
4,9,8,123
4,9,5,123
4,9,7,123
4,5,7,123
6,5,3,123
0,9,5,123
4,3,5,123
4,4,5,123
6,9,3,123
4,9,5,123
4,9,5,123
4,9,4,123
4,9,7,123
4,9,5,123
4,9,5,123
4,9,5,123
13,9,5,123
4,0,8,123
4,9,5,123
4,9,3,123
4,7,7,123
4,9,7,123
4,4,7,124
4,9,3,124
4,9,7,124
4,6,7,124
4,11,7,124
4,9,7,124
4,9,7,124
2,9,7,124
4,8,8,124
4,11,7,124
4,9,7,124
4,9,3,124
4,9,3,124
4,6,7,124
4,9,2,124
4,4,7,124
4,9,7,124
4,9,2,124
4,1,5,124
4,4,7,124
4,0,7,124
4,9,6,124
4,7,7,124
4,9,7,124
6,4,5,93
4,2,5,93
4,9,5,93
4,9,5,93
4,4,5,93
4,6,5,93
0,0,5,93
4,9,5,93
4,9,4,93
4,2,5,93
4,9,5,93
4,9,5,93
4,9,6,93
4,4,5,93
2,9,5,93
4,9,5,93
4,9,5,93
6,9,5,93
4,9,5,93
4,9,5,93
4,8,8,93
4,7,5,93
4,9,5,93
4,9,5,93
4,1,5,93
4,9,5,93
4,9,5,93
4,12,5,93
4,11,5,93
4,9,5,93
4,10,4,93
4,9,4,93
4,9,5,93
4,9,5,93
4,7,5,93
4,4,5,93
13,9,4,93
4,10,5,93
4,9,8,93
4,9,5,93
4,9,5,93
0,13,1,93
4,9,5,93
4,1,5,93
4,9,5,93
4,9,5,93
4,4,5,93
4,9,5,93
4,9,7,93
4,9,5,93
11,9,5,93
4,9,5,93
4,9,5,93
4,9,5,93
4,13,5,93
4,4,5,93
14,8,7,93
4,9,5,93
4,0,8,93
4,9,5,93
4,9,5,93
4,4,7,93
4,10,5,93
7,11,7,93
4,4,5,93
4,9,5,93
4,4,5,115
4,6,5,115
4,2,5,115
4,9,5,115
2,9,7,115
4,2,5,115
4,9,5,115
4,9,5,115
4,9,6,115
6,2,5,115
2,9,5,115
4,9,5,115
4,9,6,115
4,9,5,115
4,9,5,115
13,1,7,115
4,9,5,115
4,9,5,115
4,8,8,115
4,9,6,115
4,9,5,115
4,9,5,115
4,9,5,115
4,9,5,115
4,1,4,115
4,12,5,115
14,9,5,115
4,13,8,115
4,7,5,115
4,9,5,115
13,9,4,115
4,9,8,115
4,8,7,115
4,9,5,115
4,9,5,115
6,9,5,115
4,9,8,115
4,9,7,115
4,0,1,115
4,9,5,115
4,5,5,115
4,1,5,115
4,3,5,115
4,4,5,115
4,9,5,115
4,2,5,115
4,1,5,115
4,9,4,115
4,9,7,115
4,9,5,115
4,9,5,115
11,9,5,115
4,13,5,115
4,4,5,115
4,9,5,115
4,0,8,115
4,9,5,115
4,9,5,115
4,9,5,115
4,4,7,115
4,9,5,115
9,9,7,115
4,9,5,115
4,8,5,115
4,4,5,115
4,4,5,121
4,4,5,121
4,9,5,121
4,9,5,121
4,6,5,121
4,9,8,121
4,6,5,121
4,10,5,121
4,9,4,121
2,9,7,121
4,9,5,121
4,9,5,121
4,4,5,121
4,4,7,121
4,10,8,121
4,9,8,121
6,11,7,121
4,9,5,121
13,9,5,121
4,9,5,121
4,9,5,121
4,5,8,121
12,13,8,121
4,9,5,121
4,9,7,121
4,9,5,121
4,9,8,121
4,9,5,121
4,9,5,121
5,9,5,121
4,13,8,121
4,9,5,121
4,9,5,121
4,9,3,121
4,12,5,121
4,9,5,121
4,9,4,121
4,9,5,121
4,13,8,121
4,10,5,121
4,9,8,121
4,9,4,121
4,8,7,121
4,13,8,121
4,9,5,121
4,9,5,121
4,9,5,121
4,9,5,121
4,9,5,121
12,2,8,121
4,9,5,121
4,9,8,121
4,9,7,121
4,9,5,121
4,9,5,121
4,9,5,121
9,1,8,121
4,13,5,121
14,9,5,121
4,5,5,121
4,9,1,121
4,2,4,121
4,9,5,121
6,4,5,75
4,4,7,75
4,11,4,75
4,4,5,75
4,6,5,75
4,2,5,75
2,9,7,75
4,9,5,75
6,2,5,75
8,9,3,75
4,2,0,75
2,9,5,75
6,9,5,75
6,9,5,75
2,9,5,75
4,9,5,75
4,9,5,75
13,9,5,75
13,1,7,75
4,9,5,75
4,8,8,75
4,9,7,75
4,9,5,75
4,6,5,75
4,9,8,75
4,9,5,75
4,9,5,75
14,9,7,75
13,9,7,75
4,12,5,75
4,9,5,75
4,9,5,75
4,9,4,75
4,9,5,75
4,9,5,75
4,7,5,75
4,9,8,75
4,9,5,75
4,9,5,75
0,13,1,75
4,9,5,75
4,5,7,75
4,3,5,75
4,9,5,75
4,1,5,75
4,9,5,75
4,9,5,75
4,9,4,75
4,9,5,75
4,6,8,75
4,9,5,75
4,9,5,75
9,1,8,75
4,9,5,75
4,0,8,75
10,1,1,75
4,9,5,75
4,4,5,75
4,9,5,75
4,4,5,75
4,9,5,75
6,4,5,28
4,4,5,28
4,2,5,28
4,9,5,28
4,4,5,28
4,9,4,28
4,9,5,28
4,9,7,28
4,2,5,28
4,9,5,28
4,9,6,28
4,2,0,28
6,9,5,28
2,9,5,28
4,9,5,28
4,9,5,28
4,9,5,28
4,9,5,28
13,9,5,28
6,9,5,28
4,9,5,28
4,9,5,28
4,9,5,28
4,8,8,28
4,9,5,28
4,6,5,28
4,9,8,28
4,9,5,28
4,9,5,28
4,2,5,28
4,9,5,28
4,9,4,28
4,10,5,28
4,4,5,28
4,9,5,28
6,9,5,28
4,9,7,28
4,4,5,28
4,9,5,28
4,5,5,28
4,9,5,28
4,3,5,28
4,9,5,28
4,1,5,28
4,3,5,28
4,9,5,28
4,9,5,28
4,9,5,28
4,4,7,28
4,9,7,28
4,9,6,28
4,9,5,28
4,9,5,28
4,4,7,122
4,9,5,122
4,9,4,122
4,6,5,122
4,2,5,122
4,2,0,122
4,9,6,122
4,4,5,122
4,2,5,122
6,9,5,122
4,9,5,122
4,9,7,122
4,9,5,122
4,9,5,122
4,9,5,122
4,9,7,122
9,9,5,122
4,13,8,122
4,9,5,122
4,12,5,122
0,4,5,122
4,9,5,122
4,9,4,122
4,9,5,122
4,9,4,122
4,9,5,122
4,13,8,122
4,10,5,122
4,4,5,122
4,10,5,122
4,9,5,122
4,9,5,122
5,9,5,122
4,9,8,122
4,13,5,122
4,9,5,122
4,5,5,122
4,1,5,122
4,4,8,122
4,3,5,122
4,3,5,122
4,9,5,122
4,4,5,122
4,9,5,122
4,9,5,122
4,9,5,122
9,1,8,122
4,9,5,122
4,9,7,122
4,0,8,122
4,9,5,122
4,9,5,122
4,2,4,122
4,9,3,52
0,9,1,52
4,9,7,52
4,6,5,52
4,9,7,52
4,9,8,52
10,9,7,52
13,9,5,52
4,2,0,52
6,11,7,52
4,9,7,52
4,9,5,52
4,4,5,52
13,9,5,52
4,5,8,52
4,9,7,52
4,11,3,52
4,9,3,52
4,9,3,52
13,9,7,52
10,9,3,52
3,0,7,52
4,13,8,52
4,9,7,52
5,2,4,52
4,9,5,52
8,1,1,52
6,9,5,52
4,9,8,52
4,9,7,52
4,0,1,52
6,5,3,52
4,3,5,52
4,9,5,52
4,9,4,52
4,9,7,52
4,3,3,52
0,13,1,52
4,9,8,52
4,4,5,52
14,8,7,52
10,1,1,52
4,4,5,52
4,9,3,52
4,9,7,52
9,9,7,52
4,4,5,21
4,2,5,21
4,6,5,21
4,2,5,21
4,2,5,21
2,9,7,21
4,1,2,21
4,9,5,21
4,1,7,21
4,9,6,21
4,9,5,21
4,4,5,21
4,9,5,21
4,9,5,21
4,9,8,21
4,9,2,21
4,11,3,21
4,9,5,21
4,9,5,21
4,9,5,21
4,9,4,21
4,9,5,21
4,13,8,21
4,7,5,21
4,9,4,21
4,10,5,21
4,9,8,21
4,13,8,21
4,9,5,21
4,9,5,21
4,8,5,21
4,4,7,21
14,9,5,21
4,5,7,21
4,3,5,21
4,9,2,21
4,9,5,21
4,9,7,21
4,9,5,21
11,9,5,21
4,9,5,21
9,1,8,21
4,13,5,21
10,1,1,21
4,9,5,21
4,4,5,21
4,4,7,37
4,13,5,37
4,9,7,37
4,4,7,37
4,2,5,37
4,9,4,37
4,9,5,37
4,7,5,37
4,2,0,37
14,9,5,37
4,2,5,37
4,2,5,37
9,9,7,37
6,9,5,37
4,9,5,37
4,9,5,37
13,9,5,37
4,9,5,37
4,9,5,37
4,9,8,37
4,9,5,37
4,9,5,37
4,9,5,37
6,9,5,37
4,9,5,37
0,4,5,37
4,9,5,37
4,9,5,37
4,9,5,37
4,10,5,37
4,9,5,37
4,9,5,37
6,9,5,37
4,4,5,37
13,9,5,37
4,5,5,37
4,3,5,37
4,9,5,37
4,9,5,37
4,9,5,37
4,4,5,37
4,4,5,37
4,9,7,37
4,2,4,37
4,9,5,94
4,2,5,94
4,2,5,94
4,9,6,94
6,2,5,94
4,2,3,94
2,9,5,94
4,9,5,94
4,9,5,94
4,9,6,94
4,9,5,94
4,9,5,94
4,9,5,94
4,9,5,94
4,9,5,94
4,7,5,94
4,9,5,94
4,1,5,94
4,13,8,94
4,9,5,94
4,9,5,94
4,12,5,94
4,9,5,94
4,9,4,94
4,7,5,94
13,9,4,94
5,9,5,94
4,9,8,94
4,8,7,94
4,9,5,94
4,8,5,94
4,3,5,94
4,1,5,94
4,9,5,94
4,9,5,94
4,9,5,94
4,9,5,94
4,9,5,94
4,9,5,94
4,4,5,94
4,9,5,94
6,4,5,77
2,9,5,77
4,2,3,77
4,13,5,77
4,9,5,77
2,9,5,77
4,9,7,77
4,13,5,77
4,9,5,77
4,8,8,77
4,7,5,77
4,9,5,77
4,9,5,77
4,1,5,77
4,13,5,77
4,9,5,77
4,9,5,77
4,9,5,77
4,9,5,77
1,7,5,77
4,9,5,77
4,9,5,77
4,4,5,77
4,4,5,77
4,9,5,77
4,2,5,77
4,3,5,77
4,5,5,77
4,9,5,77
4,9,4,77
4,9,5,77
4,9,5,77
4,9,5,77
4,4,7,77
4,9,5,77
4,9,5,77
14,9,5,77
4,9,5,77
4,9,5,77
4,13,7,77
4,4,7,66
6,4,5,66
8,9,2,66
4,4,3,66
4,9,5,66
4,9,7,66
4,9,6,66
6,9,5,66
4,11,7,66
4,9,7,66
4,1,5,66
4,9,7,66
4,12,7,66
4,9,3,66
0,9,7,66
4,9,5,66
4,9,5,66
4,4,7,66
4,9,7,66
4,9,2,66
4,7,7,66
4,9,5,66
4,9,7,66
4,5,7,66
4,3,5,66
4,9,7,66
4,6,8,66
4,5,7,66
4,4,5,66
4,4,7,66
4,4,5,66
4,9,7,66
4,9,5,66
4,4,5,66
4,9,3,66
4,7,7,66
4,9,7,66
4,9,7,66
4,4,5,66
6,4,5,6
4,2,5,6
14,4,0,6
4,4,5,6
4,9,5,6
4,9,5,6
4,2,0,6
4,9,5,6
4,9,5,6
4,9,5,6
4,2,0,6
6,9,5,6
4,9,5,6
4,4,5,6
13,9,5,6
4,9,5,6
4,9,5,6
4,8,8,6
4,9,5,6
4,9,5,6
4,6,5,6
4,9,5,6
4,2,5,6
4,9,5,6
4,9,4,6
4,0,5,6
4,9,0,6
4,4,5,6
4,5,5,6
4,2,5,6
4,4,5,6
4,9,5,6
4,4,0,6
4,4,5,6
6,4,5,6
4,4,7,119
4,6,5,119
4,10,5,119
4,9,5,119
4,9,6,119
4,6,5,119
4,10,5,119
4,9,5,119
4,13,5,119
4,9,5,119
4,9,8,119
4,9,5,119
4,9,5,119
4,12,5,119
4,9,7,119
4,9,4,119
4,9,5,119
4,13,8,119
4,10,5,119
4,9,8,119
4,9,5,119
4,9,5,119
4,9,5,119
4,8,5,119
4,4,5,119
4,9,5,119
4,9,5,119
12,2,8,119
4,9,5,119
4,9,5,119
4,6,8,119
4,9,5,119
4,13,5,119
4,4,5,119
4,9,5,119
4,9,4,67
4,9,3,67
6,9,2,67
4,2,5,67
4,1,7,67
4,9,5,67
4,4,7,67
4,9,7,67
14,9,5,67
4,2,5,67
4,9,5,67
9,9,7,67
4,9,5,67
4,10,5,67
14,4,5,67
4,13,5,67
4,4,5,67
0,9,5,67
4,9,5,67
4,4,7,67
4,9,5,67
4,3,5,67
4,13,5,67
4,4,5,67
4,9,8,67
4,9,5,67
4,9,7,67
0,9,5,67
4,4,5,67
6,4,5,99
4,2,5,99
4,9,4,99
4,9,5,99
4,9,5,99
4,9,6,99
6,9,5,99
2,9,5,99
4,9,5,99
4,9,5,99
12,13,8,99
4,9,5,99
4,9,5,99
4,9,5,99
4,9,5,99
4,9,5,99
4,9,5,99
4,9,4,99
4,13,8,99
4,9,5,99
4,9,5,99
4,9,4,99
4,9,5,99
4,4,5,99
4,5,8,99
0,9,5,99
14,9,5,99
4,9,5,99
4,9,5,99
4,9,7,99
4,4,8,99
4,0,8,99
4,9,5,99
4,11,4,2
8,9,2,2
4,9,7,2
4,4,3,2
4,9,7,2
4,9,5,2
4,11,7,2
4,9,3,2
4,4,5,2
4,9,7,2
2,9,7,2
4,11,3,2
4,11,7,2
4,9,7,2
4,11,7,2
4,9,3,2
4,9,7,2
10,9,3,2
4,0,7,2
4,9,2,2
4,4,7,2
4,9,7,2
4,9,3,2
4,0,1,2
4,1,5,2
4,9,7,2
4,5,7,2
4,9,7,2
4,0,7,2
4,9,5,2
4,9,5,2
4,7,7,2
4,9,7,2
4,9,7,107
4,9,7,107
4,11,7,107
6,4,7,107
4,4,3,107
4,9,7,107
4,8,3,107
4,4,3,107
4,9,7,107
4,1,5,107
4,11,7,107
4,9,7,107
4,12,7,107
4,9,3,107
4,4,7,107
4,9,7,107
4,9,7,107
4,5,7,107
4,9,5,107
6,9,3,107
4,9,7,107
4,5,7,107
6,9,3,107
4,9,7,107
14,8,7,107
4,0,7,107
4,9,5,107
2,9,7,107
4,9,3,107
4,9,5,107
4,7,7,107
4,9,7,107
4,9,7,107
4,9,7,96
4,2,5,96
4,9,4,96
4,9,5,96
4,7,5,96
4,9,5,96
4,2,0,96
4,9,7,96
4,2,5,96
9,9,7,96
6,9,5,96
4,9,5,96
4,9,5,96
4,9,5,96
4,9,8,96
4,9,5,96
4,9,5,96
0,4,5,96
4,9,5,96
4,9,4,96
4,9,5,96
4,10,5,96
4,9,5,96
4,9,5,96
6,9,5,96
4,4,5,96
13,9,5,96
4,5,5,96
4,9,5,96
4,5,5,96
4,9,5,96
4,9,7,96
4,4,5,71
4,9,5,71
4,9,7,71
4,9,8,71
4,9,3,71
5,6,8,71
4,2,0,71
6,11,7,71
2,9,5,71
4,9,5,71
4,13,5,71
14,10,8,71
4,9,7,71
4,9,5,71
4,6,5,71
4,9,8,71
5,9,8,71
4,0,7,71
4,10,5,71
4,13,8,71
5,9,8,71
4,0,1,71
6,5,3,71
4,9,5,71
5,9,8,71
4,9,4,71
4,9,7,71
5,9,8,71
9,1,8,71
4,4,5,71
5,9,8,71
4,4,3,59
8,9,2,59
4,9,7,59
4,9,3,59
4,9,3,59
14,9,5,59
8,9,3,59
4,9,3,59
4,9,7,59
4,10,3,59
4,9,3,59
4,5,8,59
14,10,8,59
4,8,3,59
2,9,7,59
4,4,3,59
14,9,3,59
4,11,7,59
4,9,3,59
4,9,3,59
4,10,3,59
4,9,7,59
4,9,3,59
4,9,7,59
6,9,3,59
4,8,7,59
4,0,7,59
3,9,3,59
4,7,7,59
4,9,7,59
4,9,7,59
4,4,3,12
6,12,3,12
14,9,5,12
8,9,3,12
0,6,7,12
4,11,7,12
4,9,7,12
4,4,3,12
4,9,7,12
4,9,3,12
4,8,3,12
4,8,3,12
4,4,3,12
6,11,7,12
4,9,7,12
4,4,5,12
4,9,3,12
4,2,5,12
6,9,5,12
4,9,3,12
4,9,7,12
4,13,3,12
4,9,3,12
6,9,3,12
4,9,3,12
6,13,3,12
0,12,7,12
4,8,3,12
4,4,3,12
4,9,7,12
4,9,7,87
6,4,5,87
4,4,7,87
4,2,5,87
4,2,5,87
4,2,0,87
4,2,5,87
4,2,0,87
4,2,5,87
6,9,5,87
4,9,5,87
13,9,5,87
4,8,8,87
4,9,5,87
6,9,5,87
4,9,5,87
4,9,5,87
4,10,5,87
4,9,5,87
4,4,5,87
4,9,5,87
4,9,5,87
4,3,5,87
4,9,5,87
4,3,5,87
4,9,5,87
4,9,5,87
4,9,7,87
4,4,5,87
4,9,6,109
4,1,7,109
4,9,6,109
6,9,5,109
4,9,5,109
4,8,8,109
4,9,7,109
4,9,2,109
4,9,5,109
0,9,7,109
4,9,3,109
0,9,7,109
4,9,4,109
4,9,8,109
4,9,5,109
4,9,7,109
4,4,5,109
4,4,5,109
4,5,7,109
4,4,5,109
4,9,5,109
4,9,7,109
6,9,5,109
4,9,5,109
4,4,7,109
4,4,5,109
4,4,5,109
4,9,7,109
10,1,1,109
4,4,7,53
4,4,5,53
4,2,5,53
4,9,5,53
4,1,7,53
4,9,8,53
6,11,7,53
4,12,8,53
2,9,5,53
4,9,2,53
4,9,4,53
4,11,5,53
14,4,5,53
13,13,1,53
4,9,7,53
4,4,5,53
4,0,1,53
4,1,5,53
4,9,5,53
4,2,0,53
4,4,5,53
13,9,5,53
4,4,5,53
14,8,7,53
4,9,5,53
4,9,6,53
4,9,5,53
4,4,5,53
4,4,5,113
4,9,5,113
4,9,7,113
6,9,5,113
4,9,8,113
0,9,1,113
13,1,7,113
4,9,5,113
4,11,3,113
6,9,7,113
3,0,7,113
4,9,5,113
4,10,5,113
4,9,8,113
4,9,8,113
4,9,5,113
4,4,5,113
4,3,5,113
4,9,5,113
4,9,5,113
4,9,5,113
4,9,5,113
10,1,1,113
4,9,5,113
4,9,5,113
4,4,0,113
9,9,7,113
4,9,5,113
4,9,7,101
4,9,7,101
4,9,3,101
4,2,7,101
0,2,7,101
0,6,7,101
4,11,7,101
4,9,3,101
4,9,7,101
4,9,3,101
14,10,8,101
6,11,7,101
10,8,7,101
4,11,3,101
4,9,7,101
4,9,3,101
0,9,7,101
4,9,2,101
4,9,7,101
4,9,7,101
4,3,5,101
4,9,7,101
4,6,8,101
4,9,7,101
3,9,3,101
4,7,7,101
4,9,7,101
4,9,7,101
4,10,5,70
4,10,5,70
4,9,6,70
0,6,7,70
4,9,5,70
4,9,7,70
4,1,5,70
4,13,5,70
14,9,7,70
4,9,5,70
4,9,5,70
14,9,5,70
4,0,5,70
4,9,5,70
4,9,5,70
4,9,5,70
4,9,5,70
4,5,7,70
4,9,5,70
4,9,1,70
4,3,5,70
4,9,7,70
4,9,7,70
4,9,5,70
10,1,1,70
4,9,5,70
4,13,7,70
4,9,6,116
4,9,7,116
6,9,2,116
4,9,3,116
0,2,7,116
4,9,3,116
4,4,5,116
4,9,7,116
4,9,7,116
4,9,7,116
4,9,3,116
4,9,7,116
4,9,2,116
4,9,7,116
14,9,7,116
4,9,7,116
4,7,7,116
4,0,1,116
4,1,5,116
4,0,7,116
4,6,8,116
4,9,5,116
4,9,7,116
4,0,7,116
4,7,7,116
4,9,7,116
6,4,5,106
4,4,7,106
4,2,5,106
4,9,4,106
6,9,2,106
4,9,5,106
4,9,7,106
4,9,5,106
13,9,5,106
4,8,8,106
4,9,8,106
4,9,5,106
4,9,5,106
4,9,5,106
4,9,5,106
4,9,4,106
4,10,5,106
4,9,5,106
4,9,5,106
4,9,5,106
4,4,7,106
4,4,5,106
4,5,5,106
4,9,5,106
4,3,5,106
4,9,7,106
4,2,4,106
4,9,5,125
4,6,5,125
4,10,5,125
4,2,5,125
5,6,8,125
4,10,8,125
2,9,5,125
4,9,5,125
4,9,5,125
4,9,8,125
14,10,8,125
5,9,8,125
4,9,5,125
4,9,5,125
4,8,7,125
4,13,8,125
4,9,5,125
4,5,8,125
4,3,5,125
12,2,8,125
4,9,5,125
4,9,8,125
4,9,5,125
4,4,5,125
4,4,5,125
4,9,5,125
4,9,7,98
4,4,5,98
4,4,7,98
4,2,5,98
4,9,5,98
4,9,7,98
4,2,5,98
4,4,7,98
4,1,4,98
4,9,5,98
4,9,5,98
4,9,5,98
4,9,5,98
4,9,5,98
6,9,5,98
4,9,5,98
4,10,5,98
4,9,5,98
4,4,5,98
4,5,5,98
4,9,5,98
4,0,5,98
4,9,7,98
4,4,5,98
4,9,5,50
4,9,5,50
14,9,7,50
2,9,5,50
6,9,5,50
6,9,5,50
13,1,7,50
4,7,5,50
4,9,5,50
14,9,7,50
6,9,7,50
4,9,5,50
4,2,5,50
13,9,7,50
1,7,5,50
1,9,5,50
13,9,4,50
4,9,5,50
6,9,5,50
4,9,7,50
6,5,3,50
4,3,5,50
4,9,5,50
4,9,5,50
4,0,8,50
4,10,5,20
4,1,2,20
4,9,6,20
4,9,2,20
4,1,5,20
0,9,7,20
4,9,5,20
4,12,5,20
4,11,5,20
4,9,5,20
4,10,4,20
4,9,4,20
4,9,8,20
0,13,1,20
4,9,5,20
4,4,7,20
4,3,5,20
4,9,2,20
4,9,5,20
4,9,5,20
4,13,5,20
0,3,2,20
4,4,8,20
10,1,1,20
4,4,5,17
4,4,5,17
4,2,5,17
14,4,0,17
4,9,5,17
4,4,5,17
4,9,5,17
4,9,5,17
4,9,5,17
4,9,5,17
6,4,5,17
4,4,5,17
4,9,5,17
4,4,5,17
4,4,5,17
4,4,5,17
4,4,5,17
4,4,5,17
4,4,5,17
4,9,5,17
4,4,5,17
4,4,5,17
4,4,5,17
4,11,4,74
0,9,1,74
14,9,5,74
4,2,0,74
4,9,7,74
4,9,5,74
4,11,3,74
4,9,5,74
4,9,5,74
4,9,3,74
13,9,7,74
4,2,6,74
4,5,7,74
4,3,5,74
4,1,5,74
6,9,3,74
4,9,7,74
4,9,5,74
4,4,8,74
10,1,1,74
2,9,7,74
9,9,7,74
4,9,5,74
4,9,5,8
4,10,8,8
4,9,8,8
4,6,5,8
4,9,5,8
13,9,5,8
4,9,5,8
4,9,5,8
4,9,7,8
4,9,5,8
4,9,8,8
4,9,5,8
4,9,5,8
4,9,5,8
4,9,8,8
4,4,7,8
4,9,5,8
4,6,8,8
4,9,5,8
4,4,8,8
4,9,6,8
4,7,7,8
4,4,5,43
4,6,5,43
4,10,5,43
4,2,5,43
4,4,5,43
4,10,8,43
4,9,8,43
4,9,5,43
14,10,8,43
5,9,8,43
4,9,5,43
4,9,8,43
4,9,8,43
4,8,7,43
4,9,5,43
4,9,5,43
4,9,8,43
4,9,5,43
4,9,5,43
4,4,5,43
4,2,4,43
4,9,5,43
4,4,5,47
4,4,7,47
4,9,5,47
4,2,5,47
4,9,5,47
4,13,5,47
6,9,5,47
4,9,5,47
4,9,6,47
4,9,5,47
4,9,4,47
4,9,5,47
4,10,5,47
4,4,5,47
4,9,5,47
5,9,5,47
4,13,5,47
4,0,8,47
4,9,5,47
4,9,5,47
4,4,7,47
4,9,5,47
4,4,5,120
4,9,8,120
5,6,8,120
4,9,5,120
4,9,5,120
12,13,8,120
4,9,7,120
4,9,8,120
5,9,8,120
4,13,8,120
4,9,3,120
4,9,5,120
4,0,7,120
4,9,5,120
4,8,7,120
4,13,8,120
4,9,5,120
5,9,8,120
12,2,8,120
9,1,8,120
4,4,5,120
4,9,5,120
4,4,5,126
4,6,5,126
4,9,5,126
5,6,8,126
4,4,7,126
4,10,8,126
4,9,8,126
4,9,5,126
4,9,5,126
12,13,8,126
5,9,8,126
4,2,5,126
4,9,5,126
4,9,5,126
4,13,8,126
4,4,5,126
4,9,8,126
4,9,5,126
4,9,5,126
4,4,8,126
4,9,5,126
4,9,4,22
4,9,5,22
4,2,5,22
4,9,5,22
4,9,5,22
4,9,6,22
4,13,5,22
4,4,5,22
4,9,5,22
4,9,5,22
4,9,5,22
4,12,5,22
4,9,5,22
4,9,5,22
4,9,5,22
4,9,5,22
6,9,5,22
4,4,5,22
4,9,7,22
4,9,5,22
4,9,5,22
4,4,3,80
4,9,7,80
6,9,5,80
4,11,7,80
4,4,3,80
4,9,7,80
4,9,3,80
4,8,3,80
4,8,3,80
2,9,7,80
14,9,3,80
4,9,3,80
4,13,3,80
4,9,3,80
4,9,7,80
6,9,3,80
4,5,3,80
6,9,3,80
4,9,7,80
4,8,3,80
4,7,7,80
4,9,5,57
4,9,5,57
4,9,5,57
4,9,5,57
4,9,5,57
4,4,5,57
4,13,5,57
4,1,4,57
4,9,5,57
4,9,5,57
4,9,5,57
4,9,4,57
4,9,5,57
4,12,5,57
4,4,5,57
4,13,5,57
4,9,5,57
4,9,5,57
4,9,5,57
4,9,5,57
4,2,5,63
4,9,4,63
4,9,5,63
4,9,5,63
4,9,5,63
14,9,5,63
4,9,6,63
6,2,5,63
2,9,5,63
4,9,5,63
4,9,5,63
4,1,5,63
4,9,5,63
4,9,5,63
4,9,5,63
4,13,8,63
4,9,4,63
4,9,5,63
4,9,5,63
4,10,6,68
4,6,5,68
4,9,5,68
4,7,5,68
4,9,7,68
4,1,2,68
6,9,5,68
4,9,6,68
0,9,7,68
4,9,5,68
4,9,5,68
4,9,5,68
6,9,5,68
4,9,7,68
4,4,7,68
4,5,8,68
4,9,2,68
4,0,5,68
4,9,5,68
4,4,3,100
6,9,5,100
4,9,3,100
4,8,3,100
4,8,3,100
14,9,3,100
4,9,3,100
4,2,7,100
4,9,7,100
4,13,3,100
4,8,3,100
4,8,1,100
4,9,7,100
6,9,3,100
4,5,3,100
6,9,3,100
4,9,7,100
4,8,3,100
4,7,7,100
4,9,7,100
4,9,5,92
4,9,6,92
4,9,5,92
4,9,5,92
4,12,5,92
4,9,5,92
4,9,5,92
4,10,4,92
4,9,4,92
13,9,4,92
4,1,5,92
4,9,5,92
4,5,5,92
4,9,5,92
4,9,5,92
4,9,5,92
4,9,5,92
4,0,8,92
4,9,5,92
4,9,5,92
4,4,7,14
4,6,5,14
4,9,7,14
4,10,3,14
4,9,3,14
4,8,3,14
4,9,3,14
4,11,3,14
14,9,3,14
4,11,7,14
4,9,7,14
4,12,7,14
4,9,3,14
0,9,7,14
4,9,7,14
6,9,3,14
6,9,3,14
4,8,3,14
4,9,7,14
4,4,5,89
4,9,5,89
4,8,8,89
4,9,7,89
4,9,2,89
4,1,5,89
0,9,7,89
4,9,4,89
4,1,5,89
4,9,7,89
4,4,5,89
4,9,1,89
4,3,5,89
6,9,5,89
4,9,5,89
4,4,7,89
4,4,5,89
4,9,6,89
4,13,7,89
4,9,5,114
4,9,6,114
4,9,5,114
4,9,4,114
4,11,5,114
4,9,7,114
4,9,7,114
4,9,5,114
4,12,5,114
4,9,5,114
4,9,5,114
4,0,8,114
4,9,5,114
0,9,5,114
4,4,7,114
4,9,5,114
4,2,5,42
4,9,4,42
4,9,5,42
4,9,5,42
4,2,5,42
6,9,5,42
4,9,5,42
4,9,5,42
4,9,7,42
4,9,5,42
4,9,5,42
4,9,5,42
4,10,5,42
4,4,5,42
4,9,5,42
4,4,5,42
4,4,5,42
4,4,0,42
4,9,5,45
4,10,5,45
4,9,5,45
4,9,5,45
4,10,8,45
4,6,5,45
4,9,5,45
4,9,5,45
13,9,5,45
12,13,8,45
5,9,8,45
4,9,4,45
4,9,5,45
4,13,8,45
4,9,5,45
4,9,5,45
4,9,5,45
4,9,7,45
4,9,7,15
14,9,5,15
8,9,3,15
4,9,3,15
2,9,7,15
4,12,7,15
4,9,3,15
4,9,3,15
4,9,5,15
4,9,7,15
4,9,5,15
4,6,8,15
4,5,7,15
4,0,7,15
4,9,5,15
4,7,7,15
4,9,7,15
4,9,7,15
6,4,5,3
4,9,4,3
4,9,5,3
4,7,5,3
4,9,6,3
2,9,5,3
4,4,5,3
4,9,5,3
4,1,5,3
4,9,4,3
4,1,5,3
4,13,5,3
4,3,5,3
4,9,8,3
4,13,5,3
4,9,5,3
4,2,4,3
4,9,5,33
4,9,7,33
4,9,8,33
4,9,3,33
5,6,8,33
4,4,7,33
4,9,5,33
4,9,5,33
4,9,8,33
14,9,5,33
4,9,5,33
4,10,5,33
4,0,1,33
12,2,8,33
4,13,5,33
4,4,5,33
4,4,5,33
4,9,7,86
4,9,7,86
4,11,7,86
4,9,7,86
2,9,7,86
4,11,3,86
4,9,7,86
4,9,3,86
4,9,2,86
4,4,7,86
4,9,7,86
4,5,7,86
4,0,7,86
4,9,5,86
4,7,7,86
4,9,7,86
6,9,3,86
4,9,7,85
4,9,7,85
4,9,7,85
4,9,7,85
4,9,3,85
4,2,7,85
4,9,7,85
4,9,5,85
4,9,7,85
4,1,5,85
4,9,7,85
4,8,7,85
4,9,7,85
4,0,7,85
4,9,5,85
4,7,7,85
4,4,5,85
4,9,5,64
4,9,5,64
4,9,5,64
4,9,5,64
4,4,5,64
4,9,5,64
4,13,5,64
4,9,5,64
4,9,5,64
4,0,5,64
4,3,5,64
4,9,5,64
4,9,5,64
4,4,5,64
4,9,5,64
4,9,5,64
4,4,5,64
4,4,3,81
8,9,3,81
6,9,5,81
4,9,3,81
4,8,3,81
4,4,3,81
4,12,3,81
4,9,3,81
4,2,7,81
4,13,3,81
4,8,1,81
6,9,3,81
6,9,3,81
4,5,3,81
6,9,3,81
4,8,3,81
4,4,7,76
10,9,7,76
4,13,5,76
11,9,5,76
4,9,7,76
4,9,2,76
4,11,7,76
4,9,5,76
4,9,5,76
4,9,4,76
14,9,7,76
4,4,8,76
4,4,5,76
4,10,5,76
4,9,1,76
4,9,5,76
4,4,7,88
2,9,7,88
4,11,5,88
0,6,7,88
13,9,5,88
4,8,3,88
4,9,5,88
4,9,7,88
4,11,3,88
4,12,5,88
4,0,1,88
4,9,7,88
13,9,5,88
4,9,5,88
4,9,5,88
9,9,7,88
4,2,5,105
4,9,5,105
4,13,6,105
4,9,6,105
4,2,0,105
4,9,5,105
13,9,5,105
6,9,5,105
4,9,3,105
4,2,6,105
4,5,7,105
4,1,5,105
4,1,5,105
4,9,7,105
4,9,5,105
4,4,5,105
4,9,4,84
4,9,5,84
4,9,5,84
2,9,5,84
6,9,5,84
4,9,5,84
4,1,5,84
4,9,5,84
4,9,5,84
4,9,5,84
4,7,5,84
4,1,5,84
4,9,8,84
6,9,5,84
4,13,5,84
4,9,6,84
4,9,3,62
8,9,3,62
4,9,3,62
4,9,7,62
2,9,7,62
4,9,7,62
4,9,3,62
4,9,3,62
4,13,3,62
4,9,7,62
13,6,3,62
4,0,7,62
3,9,3,62
4,7,7,62
4,9,7,62
4,4,5,62
4,2,7,23
4,11,7,23
4,9,7,23
4,9,7,23
4,9,3,23
4,8,3,23
2,9,7,23
6,11,7,23
4,9,7,23
4,9,3,23
4,4,7,23
4,4,7,23
4,9,7,23
4,9,7,23
4,7,7,23
4,9,7,23
4,9,5,58
4,2,0,58
6,9,5,58
4,9,5,58
13,9,5,58
4,9,5,58
4,8,8,58
4,9,5,58
4,9,5,58
4,2,5,58
4,5,5,58
4,1,5,58
4,3,5,58
4,9,7,58
4,9,6,58
4,8,5,58
4,11,7,112
4,9,3,112
4,9,7,112
4,9,7,112
4,9,7,112
4,9,7,112
4,9,3,112
0,9,7,112
14,9,7,112
4,4,7,112
4,9,7,112
4,7,7,112
4,9,7,112
4,0,7,112
4,0,7,112
4,9,7,112
4,4,5,56
4,4,7,56
4,9,3,56
4,9,5,56
4,4,5,56
4,9,5,56
4,9,5,56
4,9,5,56
4,9,5,56
4,12,5,56
4,9,5,56
4,4,5,56
4,2,0,56
4,9,5,56
4,4,7,56
4,4,7,18
4,9,5,18
0,6,7,18
13,9,5,18
4,9,5,18
4,9,1,18
4,9,5,18
4,9,5,18
4,12,5,18
14,9,5,18
4,4,7,18
4,9,5,18
4,9,5,18
4,9,5,18
9,9,7,18
4,9,4,102
4,2,0,102
4,13,5,102
4,9,7,102
13,1,7,102
4,8,8,102
4,9,7,102
4,11,7,102
4,9,3,102
13,9,7,102
4,9,5,102
4,9,4,102
4,1,5,102
4,9,3,102
4,2,4,102
8,9,3,32
4,9,3,32
4,12,3,32
4,9,7,32
4,9,3,32
4,9,2,32
4,4,7,32
4,13,3,32
4,7,7,32
4,9,7,32
4,5,3,32
6,9,3,32
4,9,7,32
4,9,6,32
4,9,7,32
4,11,4,19
4,9,3,19
4,9,5,19
4,9,7,19
4,9,5,19
10,8,7,19
4,9,2,19
4,9,2,19
4,9,4,19
14,9,7,19
4,8,1,19
4,3,5,19
4,9,2,19
0,3,2,19
8,9,2,39
2,9,7,39
4,9,5,39
4,1,7,39
4,9,7,39
4,10,3,39
4,0,7,39
4,9,7,39
4,12,7,39
4,6,7,39
0,9,7,39
4,9,5,39
4,0,7,39
14,8,7,39
4,4,5,5
4,9,5,5
4,9,5,5
13,9,5,5
6,9,5,5
4,9,5,5
4,1,5,5
4,9,5,5
14,9,7,5
4,9,5,5
4,4,5,5
14,9,5,5
4,1,5,5
4,4,5,5
6,11,7,0
13,9,5,0
4,10,5,0
4,8,7,0
4,9,7,0
0,13,1,0
8,1,1,0
4,3,5,0
6,9,3,0
0,13,1,0
10,1,1,0
4,9,5,0
4,13,1,0
9,9,7,0
4,4,7,31
0,9,1,31
4,1,1,31
4,8,7,31
0,13,1,31
8,1,1,31
4,9,5,31
4,9,7,31
9,1,8,31
0,13,1,31
10,1,1,31
9,9,7,31
6,4,5,31
0,4,5,90
4,9,5,90
4,9,5,90
4,2,5,90
4,13,5,90
4,9,4,90
4,9,5,90
4,4,5,90
4,9,5,90
4,4,5,90
4,9,5,90
4,9,5,90
4,9,5,90
4,9,5,1
4,9,7,1
4,9,8,1
4,9,5,1
4,9,5,1
4,9,8,1
14,9,5,1
4,9,5,1
4,9,5,1
4,9,5,1
4,4,5,1
4,4,5,1
4,4,5,29
6,2,5,29
2,9,5,29
6,9,5,29
4,9,5,29
13,9,5,29
6,9,5,29
4,1,5,29
4,9,5,29
13,9,4,29
4,4,5,29
4,9,5,29
4,9,5,29
4,9,4,34
4,9,5,34
4,9,5,34
4,9,5,34
14,9,5,34
4,9,5,34
4,9,5,34
4,9,4,34
4,9,4,34
4,4,5,34
13,9,5,34
4,4,5,34
4,4,5,34
4,9,1,11
4,2,5,11
4,1,2,11
4,1,1,11
4,0,7,11
4,9,2,11
4,9,5,11
4,8,7,11
4,9,5,11
4,8,5,11
4,9,5,11
4,9,8,11
10,1,1,11
4,9,6,9
6,11,7,9
9,9,5,9
4,9,5,9
4,9,5,9
4,12,5,9
4,9,5,9
4,13,8,9
4,9,5,9
4,3,5,9
4,9,5,9
4,9,5,9
7,11,7,9
4,1,5,83
4,6,5,83
5,9,5,83
4,9,5,83
4,9,5,83
4,1,5,83
4,9,5,83
4,9,5,83
4,3,5,83
4,3,5,83
4,9,5,83
14,9,5,83
4,9,5,83
4,9,5,30
4,9,5,30
4,13,5,30
4,9,5,30
4,9,5,30
4,9,5,30
4,9,4,30
4,12,5,30
4,4,5,30
4,9,5,30
4,9,5,30
4,8,5,30
4,9,6,49
4,1,4,49
4,13,5,49
4,9,5,49
4,1,5,49
4,9,5,49
4,9,8,49
4,9,5,49
4,9,5,49
4,9,5,49
4,9,5,49
4,7,7,49
4,9,7,36
4,9,7,36
2,9,7,36
4,9,7,36
4,9,3,36
4,7,7,36
4,9,7,36
4,9,5,36
4,9,3,36
4,7,7,36
4,9,7,36
6,9,3,36
6,9,2,118
4,9,7,118
4,9,3,118
4,12,3,118
4,9,7,118
4,1,3,118
0,9,7,118
4,8,3,118
6,9,3,118
4,0,7,118
6,9,3,118
6,9,3,118
6,12,3,13
8,9,3,13
4,8,3,13
4,8,3,13
4,9,7,13
4,9,3,13
4,13,3,13
6,9,3,13
4,9,3,13
6,13,3,13
4,5,3,13
4,8,3,13
4,1,5,82
4,6,5,82
5,9,5,82
4,9,5,82
4,1,5,82
4,9,5,82
4,3,5,82
4,1,5,82
4,9,5,82
14,9,5,82
4,9,5,82
4,13,7,82
4,4,3,69
4,9,3,69
4,8,3,69
4,12,3,69
4,9,3,69
4,10,3,69
4,13,3,69
6,9,3,69
6,8,3,69
6,9,3,69
6,9,3,69
4,8,3,69
4,4,7,79
4,9,1,79
2,9,7,79
4,1,7,79
13,1,7,79
13,9,7,79
13,9,4,79
14,9,7,79
0,13,1,79
4,9,5,79
10,1,1,79
4,4,5,26
4,9,7,26
4,6,5,26
4,9,8,26
4,6,5,26
5,9,8,26
4,9,8,26
4,13,8,26
5,9,8,26
4,9,8,26
4,9,8,26
4,9,8,35
5,6,8,35
2,9,5,35
4,9,7,35
5,9,8,35
4,13,8,35
4,8,7,35
5,9,8,35
5,9,8,35
5,9,8,35
9,1,8,35
4,10,5,27
4,9,8,27
2,9,5,27
5,9,8,27
9,9,5,27
4,9,8,27
4,5,8,27
4,9,8,27
4,0,8,27
4,9,5,27
4,4,5,27
4,9,1,10
4,1,7,10
4,0,7,10
4,13,8,10
0,13,1,10
4,9,5,10
4,4,8,10
4,8,7,10
4,0,8,10
10,1,1,10
7,11,7,10
2,9,7,54
4,1,1,54
0,6,7,54
14,9,7,54
4,8,7,54
4,9,7,54
4,4,7,54
4,13,5,54
2,9,7,54
4,13,1,54
9,9,7,54
4,2,5,46
4,9,4,46
4,9,5,46
4,9,5,46
4,9,5,46
4,10,5,46
4,9,5,46
4,1,5,46
4,9,5,46
4,9,7,46
4,2,5,51
4,9,4,51
4,7,5,51
4,9,7,51
4,9,5,51
4,9,5,51
4,10,5,51
4,9,5,51
4,9,5,51
4,9,7,51
8,9,2,24
6,9,2,24
4,9,3,24
4,9,2,24
4,9,7,24
4,9,7,24
14,8,7,24
4,0,7,24
4,7,7,24
4,9,7,24
4,9,5,65
4,9,5,65
4,9,7,65
4,9,5,65
4,13,5,65
4,13,5,65
4,9,5,65
4,9,5,65
4,9,5,65
4,9,5,65
10,9,7,73
4,1,1,73
4,4,5,73
4,9,5,73
8,1,1,73
6,5,3,73
4,9,5,73
4,9,4,73
9,1,8,73
9,9,7,73
4,13,6,103
4,2,0,103
4,11,7,103
4,9,5,103
4,9,3,103
13,9,7,103
4,8,7,103
4,2,6,103
6,5,3,103
4,3,5,103
4,4,3,78
4,1,2,78
4,9,7,78
6,11,7,78
4,9,2,78
4,1,5,78
4,9,7,78
4,4,7,78
4,4,5,78
4,6,8,78
4,7,5,110
4,1,2,110
4,9,7,110
4,1,5,110
4,9,5,110
4,9,4,110
4,4,7,110
4,9,5,110
4,4,5,110
4,9,7,110
5,6,8,111
4,9,5,111
4,9,8,111
4,9,5,111
5,9,5,111
4,3,5,111
5,9,8,111
4,9,5,111
5,9,8,111
4,0,8,111
4,11,7,117
4,9,3,117
4,4,5,117
4,9,7,117
4,9,3,117
4,9,2,117
4,9,7,117
4,9,7,117
4,9,3,117
4,9,7,117
4,9,3,7
4,8,3,7
2,9,7,7
4,9,7,7
4,9,3,7
4,4,7,7
4,9,2,7
4,4,7,7
4,9,7,7
4,7,7,7
2,9,7,95
4,9,7,95
4,9,3,95
4,9,2,95
4,9,8,95
4,5,7,95
4,9,7,95
14,8,7,95
4,7,7,95
6,9,3,95
4,4,7,127
4,9,5,127
14,9,5,127
4,9,5,127
4,9,4,127
4,9,5,127
4,13,5,127
13,9,5,127
4,9,5,127
4,10,5,72
6,9,5,72
4,9,5,72
4,9,4,72
4,9,4,72
4,9,7,72
4,9,5,72
4,0,5,72
4,9,5,72
6,9,2,104
6,9,5,104
4,9,5,104
4,9,5,104
6,9,7,104
4,9,7,104
6,9,3,104
6,9,3,104
2,9,7,104
4,9,3,60
8,9,3,60
4,9,3,60
4,9,3,60
4,9,7,60
6,9,3,60
4,0,7,60
4,7,7,60
4,9,7,60
4,9,4,91
4,7,5,91
4,12,5,91
4,9,4,91
4,9,5,91
4,9,5,91
4,1,5,91
4,9,5,91
4,9,5,91
8,9,3,61
4,4,3,61
4,9,3,61
4,5,8,61
4,8,3,61
4,9,3,61
4,9,3,61
6,9,3,61
4,5,3,61
4,2,0,108
4,2,5,108
4,9,5,108
4,1,4,108
13,9,5,108
4,9,7,108
4,1,5,108
4,9,8,108
4,9,5,108
4,9,5,25
4,1,5,25
4,9,5,25
4,1,5,25
4,9,4,25
6,9,5,25
4,9,5,25
4,9,5,25
14,9,5,25
4,9,5,16
4,9,5,16
1,7,5,16
4,9,5,16
14,9,5,16
4,9,5,16
4,1,5,16
4,9,5,16
4,9,5,16
